{	
	"1-8-2016": {"tier": "ORAS Ubers", "settings": {}},
	"2-8-2016": {"tier": "Monogen", "settings": {}},
	"3-8-2016": {"tier": "ORAS LU", "settings": {}},
	"4-8-2016": {"tier": "Inverted Battle", "settings": {}},
	"5-8-2016": {"tier": "ORAS LC", "settings": {}},
	"6-8-2016": {"tier": "ORAS OU", "settings": {}},
	"7-8-2016": {"tier": "Monotype", "settings": {}},
	"8-8-2016": {"tier": "Challenge Cup", "settings": {}},
	"9-8-2016": {"tier": "ORAS UU", "settings": {}},
	"10-8-2016": {"tier": "HGSS OU", "settings": {}},
	"11-8-2016": {"tier": "Battle Factory 6v6", "settings": {}},
	"12-8-2016": {"tier": "3v3 Singles", "settings": {}},
	"13-8-2016": {"tier": "ORAS OU", "settings": {}},
	"14-8-2016": {"tier": "ORAS NU", "settings": {}},
	"15-8-2016": {"tier": "Inverted Challenge Cup", "settings": {}},
	"16-8-2016": {"tier": "Monotype", "settings": {}},
	"17-8-2016": {"tier": "BW2 OU", "settings": {}},
	"18-8-2016": {"tier": "ORAS LC", "settings": {}},
	"19-8-2016": {"tier": "ORAS Balanced Hackmons", "settings": {}},
	"20-8-2016": {"tier": "ORAS OU", "settings": {}},
	"21-8-2016": {"tier": "ORAS Ubers", "settings": {}},
	"22-8-2016": {"tier": "Hackmons Challenge Cup", "settings": {}},
	"23-8-2016": {"tier": "ORAS LU", "settings": {}},
	"24-8-2016": {"tier": "Inverted Battle", "settings": {}},
	"25-8-2016": {"tier": "ORAS NU", "settings": {}},
	"26-8-2016": {"tier": "Monogen", "settings": {}},
	"27-8-2016": {"tier": "ORAS OU", "settings": {}},
	"28-8-2016": {"tier": "Battle Factory 6v6", "settings": {}},
	"29-8-2016": {"tier": "RBY OU", "settings": {}},
	"30-8-2016": {"tier": "Monotype", "settings": {}},
	"31-8-2016": {"tier": "ORAS UU", "settings": {}}
} 	
